{
  "main": {
    "id": "bfa657c9dc246244",
    "type": "split",
    "children": [
      {
        "id": "4499527c2c6c1107",
        "type": "tabs",
        "children": [
          {
            "id": "0e05f9e7f65a67a6",
            "type": "leaf",
            "state": {
              "type": "markdown",
              "state": {
                "file": "born2beroot/users & passwords.md",
                "mode": "source",
                "source": true
              }
            }
          },
          {
            "id": "1bfc7d45d696748c",
            "type": "leaf",
            "state": {
              "type": "markdown",
              "state": {
                "file": "born2beroot/born2beroot.md",
                "mode": "preview",
                "source": true
              }
            }
          },
          {
            "id": "3184325b81e69175",
            "type": "leaf",
            "state": {
              "type": "markdown",
              "state": {
                "file": "born2beroot/monitoring.md",
                "mode": "preview",
                "source": true
              }
            }
          },
          {
            "id": "12261778f418a6e9",
            "type": "leaf",
            "state": {
              "type": "markdown",
              "state": {
                "file": "born2beroot/born2beroot.md",
                "mode": "preview",
                "source": true
              }
            }
          },
          {
            "id": "5f99c62151df0254",
            "type": "leaf",
            "state": {
              "type": "markdown",
              "state": {
                "file": "born2beroot/ssh.md",
                "mode": "preview",
                "source": true
              }
            }
          },
          {
            "id": "c28999abf717d047",
            "type": "leaf",
            "state": {
              "type": "markdown",
              "state": {
                "file": "born2beroot/vocab.md",
                "mode": "preview",
                "source": true
              }
            }
          },
          {
            "id": "2b8cbbb8adb7dff6",
            "type": "leaf",
            "state": {
              "type": "markdown",
              "state": {
                "file": "born2beroot/sudo.md",
                "mode": "preview",
                "source": true
              }
            }
          },
          {
            "id": "dd27e89af0be1739",
            "type": "leaf",
            "state": {
              "type": "markdown",
              "state": {
                "file": "born2beroot/password.md",
                "mode": "preview",
                "source": true
              }
            }
          }
        ],
        "currentTab": 3
      }
    ],
    "direction": "vertical"
  },
  "left": {
    "id": "d6aad01ea2a17e13",
    "type": "split",
    "children": [
      {
        "id": "9e46e4f8bc71e1dd",
        "type": "tabs",
        "children": [
          {
            "id": "6f782547f86c7e47",
            "type": "leaf",
            "state": {
              "type": "file-explorer",
              "state": {
                "sortOrder": "alphabetical"
              }
            }
          },
          {
            "id": "33a08e0b7d04295d",
            "type": "leaf",
            "state": {
              "type": "search",
              "state": {
                "query": "tag:#todo  ",
                "matchingCase": false,
                "explainSearch": false,
                "collapseAll": false,
                "extraContext": false,
                "sortOrder": "alphabetical"
              }
            }
          },
          {
            "id": "e2dd5039f8d0f455",
            "type": "leaf",
            "state": {
              "type": "bookmarks",
              "state": {}
            }
          }
        ]
      }
    ],
    "direction": "horizontal",
    "width": 300
  },
  "right": {
    "id": "f8dbbb1750e8da8e",
    "type": "split",
    "children": [
      {
        "id": "b138e16e7241d184",
        "type": "tabs",
        "children": [
          {
            "id": "1126b2a915dee9e7",
            "type": "leaf",
            "state": {
              "type": "backlink",
              "state": {
                "file": "born2beroot/born2beroot.md",
                "collapseAll": false,
                "extraContext": false,
                "sortOrder": "alphabetical",
                "showSearch": false,
                "searchQuery": "",
                "backlinkCollapsed": false,
                "unlinkedCollapsed": true
              }
            }
          },
          {
            "id": "fd7230be240c8bbe",
            "type": "leaf",
            "state": {
              "type": "outgoing-link",
              "state": {
                "file": "born2beroot/born2beroot.md",
                "linksCollapsed": false,
                "unlinkedCollapsed": true
              }
            }
          },
          {
            "id": "673b0f95b8debe8a",
            "type": "leaf",
            "state": {
              "type": "tag",
              "state": {
                "sortOrder": "frequency",
                "useHierarchy": true
              }
            }
          },
          {
            "id": "33edbf5ba89ca995",
            "type": "leaf",
            "state": {
              "type": "outline",
              "state": {
                "file": "born2beroot/born2beroot.md"
              }
            }
          }
        ]
      }
    ],
    "direction": "horizontal",
    "width": 300,
    "collapsed": true
  },
  "left-ribbon": {
    "hiddenItems": {
      "switcher:Open quick switcher": false,
      "graph:Open graph view": false,
      "canvas:Create new canvas": false,
      "daily-notes:Open today's daily note": false,
      "templates:Insert template": false,
      "command-palette:Open command palette": false
    }
  },
  "active": "12261778f418a6e9",
  "lastOpenFiles": [
    "born2beroot/users & passwords.md",
    "born2beroot/born2beroot.md",
    "born2beroot/vocab.md",
    "born2beroot/password.md",
    "born2beroot/evaluation.md",
    "born2beroot/sudo.md",
    "born2beroot/monitoring.md",
    "born2beroot/ssh.md",
    "born2beroot/ufw.md",
    "2024-03-07.md",
    "born2beroot",
    "temp.md",
    "Welcome.md"
  ]
}